threads	coarse0	fine0	fine1	lockfree0	standard
1	1.57709552E7	7058997.6	9551645.8	1.24931452E7	7526325.4
10	7.433552E7	6.68675186E7	7.10000604E7	6.61031956E7	6.05722368E7
100	6.3182553E8	7.039460026E8	6.766970202E8	6.62642416E8	5.620964268E8
