threads	coarse0	fine0	fine1	lockfree0	standard
1	1.2118481E7	8777019.0	6509660.0	7997591.6	6388901.6
10	8.44526416E7	1.214440704E8	5.61010358E7	6.8482695E7	5.58750644E7
100	6.199936564E8	5.887688254E8	5.690875734E8	5.557499856E8	5.141559318E8
