threads	fine0	fine1	lockfree0	lockfree1	standard
1	1513285.0	775005.0	958644.0	824075.0	719702.0
10	9809991.0	9676257.0	9251764.0	8354183.0	7765600.0
100	8.4064045E7	1.0027922E8	9.7203387E7	9.2271182E7	8.8128055E7
