threads	coarse0	fine0	fine1	lockfree0	standard
1	911714.4	485684.0	1019696.4	782988.6	663853.8
10	3293721.6	2062057.6	1627378.0	2136806.6	1799910.2
100	4.33736456E7	2.10236398E7	2.2747486E7	2.56547998E7	1.32812334E7
