threads	coarse0	fine0	fine1	lockfree0	standard
1	1843498.0	653489.8	681405.6	695536.6	843390.8
10	3.46879096E7	6907366.6	7068526.0	7825639.2	6940283.2
100	8.08297576E7	7.76031002E7	8.65032678E7	8.36541624E7	6.92697892E7
