threads	coarse0	coarse1	fine0	fine1	lockfree0	lockfree1	standard
1	660181.0	770282.0	1228237.0	890827.0	708150.0	475727.0	450432.0
10	9640509.0	9030235.0	9732523.0	9284639.0	8443772.0	9039174.0	6432124.0
100	7.8579456E7	9.0927956E7	9.1579577E7	1.00727417E8	9.0447743E7	1.05532547E8	7.7099088E7
1000	1.92031861E9	2.041715997E9	2.137781115E9	1.990863055E9	2.303468525E9	2.324347009E9	1.605634397E9
