threads	coarse0	fine0	fine1	lockfree0	standard
1	583811.0	577628.8	579586.0	1194818.2	873634.4
10	8736083.2	8168063.2	6870574.4	6589303.0	6127142.8
100	8.46005466E7	7.78242122E7	7.94677586E7	8.02945156E7	6.83953066E7
