threads	coarse0	coarse1	fine0	fine1	lockfree0	lockfree1	standard
1	1241177.0	716902.0	692163.0	433657.0	509199.0	514427.0	1843798.0
10	5958366.0	6365311.0	3636889.0	4889839.0	4262422.0	2591920.0	1710103.0
100	2.8243048E7	2.3466598E7	8.0705291E7	1.457119E7	3.9139664E7	2.7335629E7	2.4502526E7
1000	1.93855121E8	1.8976548E8	1.25434441E8	1.56045653E8	1.55477457E8	1.45217541E8	1.29547136E8
