threads	coarse0	fine0	fine1	lockfree0	standard
1	638999.2	728303.8	646445.8	681568.2	646497.6
10	1.46338414E7	1.04176336E7	7834194.8	1.04206238E7	6477948.4
100	7.63091862E7	8.40070824E7	7.60776048E7	7.73890456E7	6.88778234E7
