threads	coarse0	coarse1	fine0	fine1	lockfree0	lockfree1	standard
1	846774.0	858382.0	1117315.0	850150.0	1042552.0	1639971.0	1519147.0
10	8741058.0	9727495.0	9627401.0	8997625.0	1.1286719E7	9717801.0	7785220.0
100	9.1519346E7	9.581674E7	1.08955169E8	8.95037E7	8.46032528E8	9.4946823E7	9.8398878E7
