threads	coarse0	coarse1	fine0	fine1	lockfree0	lockfree1	standard
1	2173940.0	2650531.0	651450.0	1007480.0	871016.0	803502.0	834479.0
10	5867497.0	7047396.0	4451210.0	5796503.0	3064536.0	2440426.0	3105491.0
100	2.3451528E7	5.5838337E7	2.2495103E7	1.928823E7	1.6613675E7	2.5417854E7	3.2368527E7
