threads	coarse0	coarse1	fine0	fine1	lockfree0	lockfree1	standard
1	1260188.0	948543.0	720283.0	570643.0	510917.0	897804.0	450540.0
10	9937719.0	1.3275267E7	7582363.0	5586812.0	2609345.0	2021255.0	3245515.0
100	2.8860326E7	4.6770672E7	5.6035197E7	4.64905E7	2.9409019E7	6.2911186E7	1.6475428E7
1000	1.5028829E8	1.93212444E8	1.57169648E8	1.24835219E8	2.99577307E8	1.95974627E8	1.30267629E8
