threads	coarse0	fine0	fine1	lockfree0	standard
1	1691550.2	924239.4	801858.6	532592.4	486972.4
10	8999507.8	4969882.4	2502099.6	7046680.4	1.36424E7
100	3.12601826E7	1.37520696E7	3.4292865E7	1.81954448E7	3.26613184E7
