threads	coarse0	fine0	fine1	lockfree0	standard
1	4133202.8	4549592.6	5696434.8	6099599.6	4420815.2
10	7.2543509E7	6.12522908E7	6.22689446E7	6.06235896E7	4.69082802E7
100	6.418871744E8	5.99773773E8	5.909121142E8	6.449246182E8	5.607032962E8
