threads	coarse0	fine0	fine1	lockfree0	standard
1	975534.6	1243016.2	1280808.2	1246848.0	1297043.0
10	9279587.6	2515896.6	2271124.4	4988213.8	2.66461754E7
100	2.08653528E7	1.62768616E7	3.25403948E7	3.61657788E7	1.11821576E7
