threads	coarse0	fine0	fine1	lockfree0	standard
1	1328751.4	1630393.4	609803.8	1279606.0	908283.6
10	7663687.8	7856480.2	1.08999796E7	9730179.8	6927417.0
100	7.5545487E7	8.5041961E7	8.9512078E7	8.35204142E7	7.45853728E7
