threads	coarse0	fine0	fine1	lockfree0	standard
1	1.89422628E7	9805100.8	6705396.6	1.02943142E7	8633986.0
10	7.40453642E7	6.70482656E7	6.0373275E7	7.1410341E7	5.88771512E7
100	6.48191333E8	5.360148284E8	6.686908832E8	5.5540802E8	4.987920704E8
