threads	coarse0	fine0	fine1	lockfree0	standard
1	853978.0	878243.6	753604.8	931719.0	1003152.0
10	2781592.2	1951835.0	2031042.4	2743772.8	1.06397366E7
100	3.56624326E7	2.29277024E7	1.245763E7	3.05522982E7	2.16020812E7
