threads	fine0	fine1	lockfree0	lockfree1	standard
1	1353889.0	917635.0	730280.0	641258.0	2973420.0
10	4517803.0	7061636.0	4852901.0	5539963.0	3689869.0
100	2.2564751E7	2.85103E7	3.8719324E7	6.2102512E7	6.598458E7
