threads	coarse0	coarse1	fine0	fine1	lockfree0	lockfree1	standard
1	1908396.0	1087812.0	623382.0	1018777.0	746881.0	682260.0	608062.0
10	7404963.0	7075784.0	7449975.0	8177870.0	9108535.0	8727742.0	7575665.0
100	8.8213937E7	8.1755991E7	9.8631686E7	8.8809985E7	8.6165438E7	9.9946401E7	8.0596706E7
1000	1.855890116E9	1.922042298E9	1.905107859E9	1.901022896E9	2.051953522E9	2.225140392E9	1.752970393E9
